<?xml version="1.0" encoding="UTF-8"?>
<beans xmlns="http://www.springframework.org/schema/beans"
    xmlns:xsi="http://www.w3.org/2001/XMLSchema-instance"
    xsi:schemaLocation="http://www.springframework.org/schema/beans
        http://www.springframework.org/schema/beans/spring-beans.xsd">

    <bean id="address" class="com.heb.taxcalculator.model.Address" scope="prototype">
        <property name="addressLine1" value="Shree Shirdi Gents Hostel" />
        <property name="addressLine2" value="Gandhi Street" />
        <property name="locality" value="karapakkam" />
        <property name="city" value="Chennai" />
        <property name="pincode" value="600119" />
    </bean>
    
    <bean id="employee" class="com.heb.taxcalculator.model.Employee" scope="prototype">
        <property name="id" value="555119" />
        <property name="name" value="Tirumalesh N" />
        <property name="age" value="25" />
        <property name="gender" value="Male" />
        <property name="salary" value="452000.0" />
        <property name="address" ref="address"/>
    </bean>
</beans>