[
  {
    "id": 1870,
    "name": "Kimberly Long",
    "age": 37,
    "email": "kimberlylong@magnemo.com",
    "salary": 674558,
    "gender": "female",
    "dateOfBirth": "17/11/1993",
    "department": {
      "name": "Payroll"
    },
    "address": {
      "addressLine1": "696 Arion Place",
      "addressLine2": "Will Place",
      "locality": "Lafferty",
      "city": "Osmond",
      "pincode": 2447
    },
    "skills": [
      "Eclipse",
      "JavaScript",
      "Java"
    ]
  },
  {
    "id": 1890,
    "name": "Fuentes Small",
    "age": 33,
    "email": "fuentessmall@magnemo.com",
    "salary": 423932,
    "gender": "male",
    "dateOfBirth": "14/09/1972",
    "department": {
      "name": "Marketing"
    },
    "address": {
      "addressLine1": "746 Diamond Street",
      "addressLine2": "Grant Avenue",
      "locality": "Ballico",
      "city": "Gorham",
      "pincode": 1126
    },
    "skills": [
      "Git",
      "Java",
      "JavaScript"
    ]
  },
  {
    "id": 1888,
    "name": "Cohen Mcgowan",
    "age": 20,
    "email": "cohenmcgowan@magnemo.com",
    "salary": 1228318,
    "gender": "male",
    "dateOfBirth": "06/05/1963",
    "department": {
      "name": "Human Resources"
    },
    "address": {
      "addressLine1": "465 Llama Court",
      "addressLine2": "Tech Place",
      "locality": "Vandiver",
      "city": "Biehle",
      "pincode": 3151
    },
    "skills": [
      "CSS",
      "Git",
      "CSS"
    ]
  },
  {
    "id": 1289,
    "name": "Carolina Livingston",
    "age": 30,
    "email": "carolinalivingston@magnemo.com",
    "salary": 287365,
    "gender": "female",
    "dateOfBirth": "27/05/1994",
    "department": {
      "name": "Sales"
    },
    "address": {
      "addressLine1": "414 Hausman Street",
      "addressLine2": "Grove Place",
      "locality": "Katonah",
      "city": "Bloomington",
      "pincode": 9115
    },
    "skills": [
      "Spring",
      "JSP",
      "Eclipse"
    ]
  },
  {
    "id": 1223,
    "name": "Goodwin Rodgers",
    "age": 25,
    "email": "goodwinrodgers@magnemo.com",
    "salary": 918387,
    "gender": "male",
    "dateOfBirth": "09/10/1953",
    "department": {
      "name": "Finance"
    },
    "address": {
      "addressLine1": "663 Huron Street",
      "addressLine2": "Hunterfly Place",
      "locality": "Austinburg",
      "city": "Hollymead",
      "pincode": 3634
    },
    "skills": [
      "CSS",
      "Java",
      "Spring"
    ]
  },
  {
    "id": 1419,
    "name": "Jenna Oliver",
    "age": 27,
    "email": "jennaoliver@magnemo.com",
    "salary": 974879,
    "gender": "female",
    "dateOfBirth": "02/02/1961",
    "department": {
      "name": "Payroll"
    },
    "address": {
      "addressLine1": "825 Stillwell Place",
      "addressLine2": "Banker Street",
      "locality": "Stockdale",
      "city": "Grahamtown",
      "pincode": 8014
    },
    "skills": [
      "Hibernate",
      "Java",
      "HTML"
    ]
  },
  {
    "id": 1418,
    "name": "Lopez Mckinney",
    "age": 23,
    "email": "lopezmckinney@magnemo.com",
    "salary": 1222372,
    "gender": "male",
    "dateOfBirth": "01/01/2014",
    "department": {
      "name": "Human Resources"
    },
    "address": {
      "addressLine1": "918 Dictum Court",
      "addressLine2": "Arlington Place",
      "locality": "Oceola",
      "city": "Wintersburg",
      "pincode": 7464
    },
    "skills": [
      "Eclipse",
      "Hibernate",
      "Servlet"
    ]
  },
  {
    "id": 1298,
    "name": "Eva Mitchell",
    "age": 33,
    "email": "evamitchell@magnemo.com",
    "salary": 1205334,
    "gender": "female",
    "dateOfBirth": "29/01/2004",
    "department": {
      "name": "Marketing"
    },
    "address": {
      "addressLine1": "842 Greenwood Avenue",
      "addressLine2": "Luquer Street",
      "locality": "Ticonderoga",
      "city": "Shindler",
      "pincode": 7874
    },
    "skills": [
      "HTML",
      "Hibernate",
      "Angular JS"
    ]
  },
  {
    "id": 1308,
    "name": "Villarreal Duffy",
    "age": 25,
    "email": "villarrealduffy@magnemo.com",
    "salary": 985218,
    "gender": "male",
    "dateOfBirth": "04/12/2014",
    "department": {
      "name": "Human Resources"
    },
    "address": {
      "addressLine1": "966 Story Street",
      "addressLine2": "Sharon Street",
      "locality": "Springville",
      "city": "Dale",
      "pincode": 8784
    },
    "skills": [
      "Java",
      "Bootstrap",
      "Git"
    ]
  },
  {
    "id": 1053,
    "name": "Adela Stout",
    "age": 37,
    "email": "adelastout@magnemo.com",
    "salary": 1104777,
    "gender": "female",
    "dateOfBirth": "06/10/1980",
    "department": {
      "name": "Human Resources"
    },
    "address": {
      "addressLine1": "221 Cedar Street",
      "addressLine2": "Clark Street",
      "locality": "Richford",
      "city": "Drummond",
      "pincode": 7197
    },
    "skills": [
      "CSS",
      "HTML",
      "JSP"
    ]
  },
  {
    "id": 1500,
    "name": "Mccormick Goff",
    "age": 23,
    "email": "mccormickgoff@magnemo.com",
    "salary": 1200030,
    "gender": "male",
    "dateOfBirth": "12/10/2012",
    "department": {
      "name": "Finance"
    },
    "address": {
      "addressLine1": "274 Lynch Street",
      "addressLine2": "Jackson Court",
      "locality": "Omar",
      "city": "Riegelwood",
      "pincode": 3612
    },
    "skills": [
      "CSS",
      "Eclipse",
      "Spring"
    ]
  },
  {
    "id": 1395,
    "name": "Kaye Harvey",
    "age": 40,
    "email": "kayeharvey@magnemo.com",
    "salary": 935809,
    "gender": "female",
    "dateOfBirth": "07/03/1969",
    "department": {
      "name": "Payroll"
    },
    "address": {
      "addressLine1": "612 Monument Walk",
      "addressLine2": "Bay Parkway",
      "locality": "Rosewood",
      "city": "Rosburg",
      "pincode": 6125
    },
    "skills": [
      "Hibernate",
      "JavaScript",
      "JavaScript"
    ]
  },
  {
    "id": 1490,
    "name": "Sue Logan",
    "age": 36,
    "email": "suelogan@magnemo.com",
    "salary": 556343,
    "gender": "female",
    "dateOfBirth": "21/07/2009",
    "department": {
      "name": "Sales"
    },
    "address": {
      "addressLine1": "623 Knapp Street",
      "addressLine2": "Utica Avenue",
      "locality": "Cornucopia",
      "city": "Ada",
      "pincode": 3865
    },
    "skills": [
      "JSP",
      "HTML",
      "Servlet"
    ]
  },
  {
    "id": 1053,
    "name": "Hilda Warren",
    "age": 24,
    "email": "hildawarren@magnemo.com",
    "salary": 1246972,
    "gender": "female",
    "dateOfBirth": "25/10/2008",
    "department": {
      "name": "Payroll"
    },
    "address": {
      "addressLine1": "354 Bokee Court",
      "addressLine2": "Greene Avenue",
      "locality": "Berwind",
      "city": "Waiohinu",
      "pincode": 5529
    },
    "skills": [
      "Angular",
      "Java",
      "Angular JS"
    ]
  },
  {
    "id": 1793,
    "name": "Kathy Boyle",
    "age": 28,
    "email": "kathyboyle@magnemo.com",
    "salary": 1085897,
    "gender": "female",
    "dateOfBirth": "19/06/2016",
    "department": {
      "name": "Marketing"
    },
    "address": {
      "addressLine1": "567 Stuyvesant Avenue",
      "addressLine2": "Barbey Street",
      "locality": "Marion",
      "city": "Brantleyville",
      "pincode": 3452
    },
    "skills": [
      "Servlet",
      "JavaScript",
      "Spring MVC"
    ]
  },
  {
    "id": 1654,
    "name": "Carter Emerson",
    "age": 32,
    "email": "carteremerson@magnemo.com",
    "salary": 1280562,
    "gender": "male",
    "dateOfBirth": "07/01/1956",
    "department": {
      "name": "Payroll"
    },
    "address": {
      "addressLine1": "536 Macon Street",
      "addressLine2": "Hinckley Place",
      "locality": "Joppa",
      "city": "Kennedyville",
      "pincode": 2302
    },
    "skills": [
      "HTML",
      "Hibernate",
      "Angular JS"
    ]
  },
  {
    "id": 1541,
    "name": "Noble Everett",
    "age": 23,
    "email": "nobleeverett@magnemo.com",
    "salary": 812976,
    "gender": "male",
    "dateOfBirth": "20/06/2005",
    "department": {
      "name": "Finance"
    },
    "address": {
      "addressLine1": "294 Meeker Avenue",
      "addressLine2": "Vista Place",
      "locality": "Tryon",
      "city": "Belmont",
      "pincode": 9314
    },
    "skills": [
      "HTML",
      "Eclipse",
      "JavaScript"
    ]
  },
  {
    "id": 1515,
    "name": "Herrera Briggs",
    "age": 38,
    "email": "herrerabriggs@magnemo.com",
    "salary": 664777,
    "gender": "male",
    "dateOfBirth": "10/04/1968",
    "department": {
      "name": "Human Resources"
    },
    "address": {
      "addressLine1": "792 Portal Street",
      "addressLine2": "Bancroft Place",
      "locality": "Bonanza",
      "city": "Fruitdale",
      "pincode": 7073
    },
    "skills": [
      "HTML",
      "Angular",
      "Git"
    ]
  },
  {
    "id": 1422,
    "name": "Elma Alston",
    "age": 31,
    "email": "elmaalston@magnemo.com",
    "salary": 1444431,
    "gender": "female",
    "dateOfBirth": "05/03/1994",
    "department": {
      "name": "Human Resources"
    },
    "address": {
      "addressLine1": "211 Louis Place",
      "addressLine2": "Fillmore Place",
      "locality": "Swartzville",
      "city": "Bath",
      "pincode": 3599
    },
    "skills": [
      "CSS",
      "Angular",
      "Eclipse"
    ]
  },
  {
    "id": 1456,
    "name": "Rhodes Maldonado",
    "age": 28,
    "email": "rhodesmaldonado@magnemo.com",
    "salary": 558040,
    "gender": "male",
    "dateOfBirth": "13/08/2017",
    "department": {
      "name": "Sales"
    },
    "address": {
      "addressLine1": "178 Anthony Street",
      "addressLine2": "Kent Street",
      "locality": "Thomasville",
      "city": "Boling",
      "pincode": 2736
    },
    "skills": [
      "Eclipse",
      "Angular JS",
      "Hibernate"
    ]
  },
  {
    "id": 1896,
    "name": "Patton Fox",
    "age": 38,
    "email": "pattonfox@magnemo.com",
    "salary": 528434,
    "gender": "male",
    "dateOfBirth": "21/10/1994",
    "department": {
      "name": "Finance"
    },
    "address": {
      "addressLine1": "979 Throop Avenue",
      "addressLine2": "Stratford Road",
      "locality": "Chestnut",
      "city": "Abrams",
      "pincode": 4308
    },
    "skills": [
      "JavaScript",
      "Eclipse",
      "CSS"
    ]
  },
  {
    "id": 1427,
    "name": "Le Acevedo",
    "age": 24,
    "email": "leacevedo@magnemo.com",
    "salary": 616222,
    "gender": "male",
    "dateOfBirth": "24/02/1986",
    "department": {
      "name": "Payroll"
    },
    "address": {
      "addressLine1": "596 Kings Place",
      "addressLine2": "Bath Avenue",
      "locality": "Deputy",
      "city": "Mansfield",
      "pincode": 7647
    },
    "skills": [
      "JSP",
      "Spring MVC",
      "Spring MVC"
    ]
  },
  {
    "id": 1705,
    "name": "Potter Huff",
    "age": 37,
    "email": "potterhuff@magnemo.com",
    "salary": 1168008,
    "gender": "male",
    "dateOfBirth": "02/02/1979",
    "department": {
      "name": "Marketing"
    },
    "address": {
      "addressLine1": "634 Highland Boulevard",
      "addressLine2": "Vermont Street",
      "locality": "Matheny",
      "city": "Iberia",
      "pincode": 1471
    },
    "skills": [
      "Java",
      "HTML",
      "CSS"
    ]
  },
  {
    "id": 1204,
    "name": "Harriett Kinney",
    "age": 32,
    "email": "harriettkinney@magnemo.com",
    "salary": 1249355,
    "gender": "female",
    "dateOfBirth": "12/05/1984",
    "department": {
      "name": "Human Resources"
    },
    "address": {
      "addressLine1": "174 Woodpoint Road",
      "addressLine2": "Ferris Street",
      "locality": "Freelandville",
      "city": "Trucksville",
      "pincode": 8239
    },
    "skills": [
      "Hibernate",
      "JSP",
      "Bootstrap"
    ]
  },
  {
    "id": 1644,
    "name": "Mccoy Cameron",
    "age": 24,
    "email": "mccoycameron@magnemo.com",
    "salary": 802894,
    "gender": "male",
    "dateOfBirth": "13/02/1992",
    "department": {
      "name": "Payroll"
    },
    "address": {
      "addressLine1": "955 Tiffany Place",
      "addressLine2": "Newel Street",
      "locality": "Rose",
      "city": "Bluffview",
      "pincode": 6596
    },
    "skills": [
      "Hibernate",
      "Spring",
      "Angular"
    ]
  }
]