<?xml version="1.0" encoding="UTF-8"?>
<beans xmlns="http://www.springframework.org/schema/beans"
    xmlns:xsi="http://www.w3.org/2001/XMLSchema-instance"
    xsi:schemaLocation="http://www.springframework.org/schema/beans
        http://www.springframework.org/schema/beans/spring-beans.xsd">

    <bean id="dateFormater" class="java.text.SimpleDateFormat">
        <constructor-arg value="dd-MM-yyyy" />
    </bean>
    
   <!--  <bean id="employee" class="com.heb.taxcalculator.model.Employee" scope="prototype">
        <property name="id" value="1"/>
        <property name="name" value="John Smith"/>
        <property name="dateOfBirth">
            <bean factory-bean="dateFormater" factory-method="parse">
                <constructor-arg value="23-03-1982" />
            </bean>
        </property>
        <property name="gender" value="Male"/>
        <property name="salary" value="500000"/>
        <property name="email" value="john.smith@xyz.com"/>
        <property name="address" ref="address"/>
    </bean>
    
    <bean id="address" class="com.heb.taxcalculator.model.Address">
    	<property name="addressLine1" value="No. 1, Madley Street"/>
    </bean> -->
    
	<!-- <bean id="employeeDao" class="com.heb.atiumt2.dao.EmployeeDao">
		<property name="dataSource" ref="dataSource" />
	</bean> -->
	
	<bean id="employeeDao" class="com.heb.atiumt2.dao.EmployeeDao" autowire="byName"/>
	
	<bean id="dataSource" class="org.springframework.jdbc.datasource.DriverManagerDataSource">
		<property name="driverClassName" value="oracle.jdbc.driver.OracleDriver"/>
		<property name="url" value="jdbc:oracle:thin:@localhost:1521/xe" />
		<property name="username" value="payroll" />
		<property name="password" value="password" />
	</bean>

</beans> 