<beans  
    xmlns="http://www.springframework.org/schema/beans"  
    xmlns:xsi="http://www.w3.org/2001/XMLSchema-instance"  
    xmlns:context="http://www.springframework.org/schema/context"
    xmlns:p="http://www.springframework.org/schema/p"  
    xmlns:mvc="http://www.springframework.org/schema/mvc"
   xsi:schemaLocation="
        http://www.springframework.org/schema/beans
        http://www.springframework.org/schema/beans/spring-beans.xsd
        http://www.springframework.org/schema/mvc
        http://www.springframework.org/schema/mvc/spring-mvc.xsd
        http://www.springframework.org/schema/tx
        http://www.springframework.org/schema/tx/spring-tx.xsd
        http://www.springframework.org/schema/context
        http://www.springframework.org/schema/context/spring-context.xsd
        http://www.springframework.org/schema/mvc
        http://www.springframework.org/schema/mvc/spring-mvc-4.0.xsd">


	<mvc:annotation-driven />
   <context:component-scan base-package = "com.heb.*"/>
   
   <mvc:resources mapping="/resources/**" location="/resources/" />
   
	
   <bean class = "org.springframework.web.servlet.view.InternalResourceViewResolver">
      <property name = "prefix" value = "/" />
      <property name = "suffix" value = ".jsp" />
   </bean>
		<bean id="edao" class="com.heb.ecommerce.dao.ProductDao">  
		<property name="template" ref="jdbcTemplate"></property>  
		</bean>
	<bean id="jdbcTemplate" class="org.springframework.jdbc.core.JdbcTemplate">  
		<property name="dataSource" ref="ds"></property>  
	</bean>    
	<bean id="ds" class="org.springframework.jdbc.datasource.DriverManagerDataSource">  
		<property name="driverClassName" value="oracle.jdbc.driver.OracleDriver" />  
		<property name="url" value="jdbc:oracle:thin:testuser/choco" />  
		<property name="username" value="testuser" />  
		<property name="password" value="choco" />  
	</bean>  
	
</beans>